Trade number,Instrument,Account,Strategy,Market pos.,Qty,Entry price,Exit price,Entry time,Exit time,Profit,Cum. net profit,Commission
1,MNQ JUN25,Backtest,ORB BOT V1.4,Long,1,18000,18060.0,2024-01-02 09:35,2024-01-02 10:15,$120.00,$120.00,$1.24
2,MNQ JUN25,Backtest,ORB BOT V1.4,Long,1,18001,18041.0,2024-01-03 09:35,2024-01-03 10:15,$80.00,$200.00,$1.24
3,MNQ JUN25,Backtest,ORB BOT V1.4,Short,1,18002,17972.0,2024-01-04 09:35,2024-01-04 10:15,($60.00),$140.00,$1.24
4,MNQ JUN25,Backtest,ORB BOT V1.4,Long,1,18003,18078.0,2024-01-05 09:35,2024-01-05 10:15,$150.00,$290.00,$1.24
5,MNQ JUN25,Backtest,ORB BOT V1.4,Long,1,18004,18024.0,2024-01-08 09:35,2024-01-08 10:15,$40.00,$330.00,$1.24
6,MNQ JUN25,Backtest,ORB BOT V1.4,Short,1,18005,17950.0,2024-01-09 09:35,2024-01-09 10:15,($110.00),$220.00,$1.24
7,MNQ JUN25,Backtest,ORB BOT V1.4,Long,1,18006,18106.0,2024-01-10 09:35,2024-01-10 10:15,$200.00,$420.00,$1.24
8,MNQ JUN25,Backtest,ORB BOT V1.4,Long,1,18007,18037.0,2024-01-11 09:35,2024-01-11 10:15,$60.00,$480.00,$1.24
9,MNQ JUN25,Backtest,ORB BOT V1.4,Long,1,18008,18053.0,2024-01-12 09:35,2024-01-12 10:15,$90.00,$570.00,$1.24
10,MNQ JUN25,Backtest,ORB BOT V1.4,Short,1,18009,17989.0,2024-01-15 09:35,2024-01-15 10:15,($40.00),$530.00,$1.24
11,MNQ JUN25,Backtest,ORB BOT V1.4,Long,1,18010,18075.0,2024-01-16 09:35,2024-01-16 10:15,$130.00,$660.00,$1.24
12,MNQ JUN25,Backtest,ORB BOT V1.4,Long,1,18011,18046.0,2024-01-17 09:35,2024-01-17 10:15,$70.00,$730.00,$1.24
13,MNQ JUN25,Backtest,ORB BOT V1.4,Long,1,18012,18067.0,2024-01-18 09:35,2024-01-18 10:15,$110.00,$840.00,$1.24
14,MNQ JUN25,Backtest,ORB BOT V1.4,Short,1,18013,17968.0,2024-01-19 09:35,2024-01-19 10:15,($90.00),$750.00,$1.24
15,MNQ JUN25,Backtest,ORB BOT V1.4,Long,1,18014,18104.0,2024-01-22 09:35,2024-01-22 10:15,$180.00,$930.00,$1.24
16,MNQ JUN25,Backtest,ORB BOT V1.4,Long,1,18015,18040.0,2024-01-23 09:35,2024-01-23 10:15,$50.00,$980.00,$1.24
17,MNQ JUN25,Backtest,ORB BOT V1.4,Long,1,18016,18066.0,2024-01-24 09:35,2024-01-24 10:15,$100.00,"$1,080.00",$1.24
18,MNQ JUN25,Backtest,ORB BOT V1.4,Short,1,18017,17982.0,2024-01-25 09:35,2024-01-25 10:15,($70.00),"$1,010.00",$1.24
19,MNQ JUN25,Backtest,ORB BOT V1.4,Long,1,18018,18098.0,2024-01-26 09:35,2024-01-26 10:15,$160.00,"$1,170.00",$1.24
20,MNQ JUN25,Backtest,ORB BOT V1.4,Long,1,18019,18061.5,2024-01-29 09:35,2024-01-29 10:15,$85.00,"$1,255.00",$1.24
21,MNQ JUN25,Backtest,ORB BOT V1.4,Short,1,18020,17955.0,2024-01-30 09:35,2024-01-30 10:15,($130.00),"$1,125.00",$1.24
22,MNQ JUN25,Backtest,ORB BOT V1.4,Long,1,18021,18091.0,2024-01-31 09:35,2024-01-31 10:15,$140.00,"$1,265.00",$1.24
23,MNQ JUN25,Backtest,ORB BOT V1.4,Long,1,18022,18059.5,2024-02-01 09:35,2024-02-01 10:15,$75.00,"$1,340.00",$1.24
24,MNQ JUN25,Backtest,ORB BOT V1.4,Long,1,18023,18070.5,2024-02-02 09:35,2024-02-02 10:15,$95.00,"$1,435.00",$1.24
25,MNQ JUN25,Backtest,ORB BOT V1.4,Long,1,18024,18129.0,2024-02-05 09:35,2024-02-05 10:15,$210.00,"$1,645.00",$1.24
26,MNQ JUN25,Backtest,ORB BOT V1.4,Short,1,18025,17997.5,2024-02-06 09:35,2024-02-06 10:15,($55.00),"$1,590.00",$1.24
27,MNQ JUN25,Backtest,ORB BOT V1.4,Long,1,18026,18086.0,2024-02-07 09:35,2024-02-07 10:15,$120.00,"$1,710.00",$1.24
28,MNQ JUN25,Backtest,ORB BOT V1.4,Long,1,18027,18059.5,2024-02-08 09:35,2024-02-08 10:15,$65.00,"$1,775.00",$1.24
29,MNQ JUN25,Backtest,ORB BOT V1.4,Long,1,18028,18080.5,2024-02-09 09:35,2024-02-09 10:15,$105.00,"$1,880.00",$1.24
30,MNQ JUN25,Backtest,ORB BOT V1.4,Short,1,18029,17989.0,2024-02-12 09:35,2024-02-12 10:15,($80.00),"$1,800.00",$1.24
31,MNQ JUN25,Backtest,ORB BOT V1.4,Long,1,18030,18090.0,2024-02-13 09:35,2024-02-13 10:15,$120.00,"$1,920.00",$1.24
32,MNQ JUN25,Backtest,ORB BOT V1.4,Long,1,18031,18071.0,2024-02-14 09:35,2024-02-14 10:15,$80.00,"$2,000.00",$1.24
33,MNQ JUN25,Backtest,ORB BOT V1.4,Short,1,18032,18002.0,2024-02-15 09:35,2024-02-15 10:15,($60.00),"$1,940.00",$1.24
34,MNQ JUN25,Backtest,ORB BOT V1.4,Long,1,18033,18108.0,2024-02-16 09:35,2024-02-16 10:15,$150.00,"$2,090.00",$1.24
35,MNQ JUN25,Backtest,ORB BOT V1.4,Long,1,18034,18054.0,2024-02-19 09:35,2024-02-19 10:15,$40.00,"$2,130.00",$1.24
36,MNQ JUN25,Backtest,ORB BOT V1.4,Short,1,18035,17980.0,2024-02-20 09:35,2024-02-20 10:15,($110.00),"$2,020.00",$1.24
37,MNQ JUN25,Backtest,ORB BOT V1.4,Long,1,18036,18136.0,2024-02-21 09:35,2024-02-21 10:15,$200.00,"$2,220.00",$1.24
38,MNQ JUN25,Backtest,ORB BOT V1.4,Long,1,18037,18067.0,2024-02-22 09:35,2024-02-22 10:15,$60.00,"$2,280.00",$1.24
39,MNQ JUN25,Backtest,ORB BOT V1.4,Long,1,18038,18083.0,2024-02-23 09:35,2024-02-23 10:15,$90.00,"$2,370.00",$1.24
40,MNQ JUN25,Backtest,ORB BOT V1.4,Short,1,18039,18019.0,2024-02-26 09:35,2024-02-26 10:15,($40.00),"$2,330.00",$1.24
41,MNQ JUN25,Backtest,ORB BOT V1.4,Long,1,18040,18105.0,2024-02-27 09:35,2024-02-27 10:15,$130.00,"$2,460.00",$1.24
42,MNQ JUN25,Backtest,ORB BOT V1.4,Long,1,18041,18076.0,2024-02-28 09:35,2024-02-28 10:15,$70.00,"$2,530.00",$1.24
43,MNQ JUN25,Backtest,ORB BOT V1.4,Long,1,18042,18097.0,2024-02-29 09:35,2024-02-29 10:15,$110.00,"$2,640.00",$1.24
44,MNQ JUN25,Backtest,ORB BOT V1.4,Short,1,18043,17998.0,2024-03-01 09:35,2024-03-01 10:15,($90.00),"$2,550.00",$1.24
45,MNQ JUN25,Backtest,ORB BOT V1.4,Long,1,18044,18134.0,2024-03-04 09:35,2024-03-04 10:15,$180.00,"$2,730.00",$1.24
46,MNQ JUN25,Backtest,ORB BOT V1.4,Long,1,18045,18070.0,2024-03-05 09:35,2024-03-05 10:15,$50.00,"$2,780.00",$1.24
47,MNQ JUN25,Backtest,ORB BOT V1.4,Long,1,18046,18096.0,2024-03-06 09:35,2024-03-06 10:15,$100.00,"$2,880.00",$1.24
48,MNQ JUN25,Backtest,ORB BOT V1.4,Short,1,18047,18012.0,2024-03-07 09:35,2024-03-07 10:15,($70.00),"$2,810.00",$1.24
49,MNQ JUN25,Backtest,ORB BOT V1.4,Long,1,18048,18128.0,2024-03-08 09:35,2024-03-08 10:15,$160.00,"$2,970.00",$1.24
50,MNQ JUN25,Backtest,ORB BOT V1.4,Long,1,18049,18091.5,2024-03-11 09:35,2024-03-11 10:15,$85.00,"$3,055.00",$1.24
51,MNQ JUN25,Backtest,ORB BOT V1.4,Short,1,18000,17935.0,2024-03-12 09:35,2024-03-12 10:15,($130.00),"$2,925.00",$1.24
52,MNQ JUN25,Backtest,ORB BOT V1.4,Long,1,18001,18071.0,2024-03-13 09:35,2024-03-13 10:15,$140.00,"$3,065.00",$1.24
53,MNQ JUN25,Backtest,ORB BOT V1.4,Long,1,18002,18039.5,2024-03-14 09:35,2024-03-14 10:15,$75.00,"$3,140.00",$1.24
54,MNQ JUN25,Backtest,ORB BOT V1.4,Long,1,18003,18050.5,2024-03-15 09:35,2024-03-15 10:15,$95.00,"$3,235.00",$1.24
55,MNQ JUN25,Backtest,ORB BOT V1.4,Long,1,18004,18109.0,2024-03-18 09:35,2024-03-18 10:15,$210.00,"$3,445.00",$1.24
56,MNQ JUN25,Backtest,ORB BOT V1.4,Short,1,18005,17977.5,2024-03-19 09:35,2024-03-19 10:15,($55.00),"$3,390.00",$1.24
57,MNQ JUN25,Backtest,ORB BOT V1.4,Long,1,18006,18066.0,2024-03-20 09:35,2024-03-20 10:15,$120.00,"$3,510.00",$1.24
58,MNQ JUN25,Backtest,ORB BOT V1.4,Long,1,18007,18039.5,2024-03-21 09:35,2024-03-21 10:15,$65.00,"$3,575.00",$1.24
59,MNQ JUN25,Backtest,ORB BOT V1.4,Long,1,18008,18060.5,2024-03-22 09:35,2024-03-22 10:15,$105.00,"$3,680.00",$1.24
60,MNQ JUN25,Backtest,ORB BOT V1.4,Short,1,18009,17969.0,2024-03-25 09:35,2024-03-25 10:15,($80.00),"$3,600.00",$1.24
61,MNQ JUN25,Backtest,ORB BOT V1.4,Long,1,18010,18070.0,2024-03-26 09:35,2024-03-26 10:15,$120.00,"$3,720.00",$1.24
62,MNQ JUN25,Backtest,ORB BOT V1.4,Long,1,18011,18051.0,2024-03-27 09:35,2024-03-27 10:15,$80.00,"$3,800.00",$1.24
63,MNQ JUN25,Backtest,ORB BOT V1.4,Short,1,18012,17982.0,2024-03-28 09:35,2024-03-28 10:15,($60.00),"$3,740.00",$1.24
64,MNQ JUN25,Backtest,ORB BOT V1.4,Long,1,18013,18088.0,2024-03-29 09:35,2024-03-29 10:15,$150.00,"$3,890.00",$1.24
65,MNQ JUN25,Backtest,ORB BOT V1.4,Long,1,18014,18034.0,2024-04-01 09:35,2024-04-01 10:15,$40.00,"$3,930.00",$1.24
66,MNQ JUN25,Backtest,ORB BOT V1.4,Short,1,18015,17960.0,2024-04-02 09:35,2024-04-02 10:15,($110.00),"$3,820.00",$1.24
67,MNQ JUN25,Backtest,ORB BOT V1.4,Long,1,18016,18116.0,2024-04-03 09:35,2024-04-03 10:15,$200.00,"$4,020.00",$1.24
68,MNQ JUN25,Backtest,ORB BOT V1.4,Long,1,18017,18047.0,2024-04-04 09:35,2024-04-04 10:15,$60.00,"$4,080.00",$1.24
69,MNQ JUN25,Backtest,ORB BOT V1.4,Long,1,18018,18063.0,2024-04-05 09:35,2024-04-05 10:15,$90.00,"$4,170.00",$1.24
70,MNQ JUN25,Backtest,ORB BOT V1.4,Short,1,18019,17999.0,2024-04-08 09:35,2024-04-08 10:15,($40.00),"$4,130.00",$1.24
71,MNQ JUN25,Backtest,ORB BOT V1.4,Long,1,18020,18085.0,2024-04-09 09:35,2024-04-09 10:15,$130.00,"$4,260.00",$1.24
72,MNQ JUN25,Backtest,ORB BOT V1.4,Long,1,18021,18056.0,2024-04-10 09:35,2024-04-10 10:15,$70.00,"$4,330.00",$1.24
73,MNQ JUN25,Backtest,ORB BOT V1.4,Long,1,18022,18077.0,2024-04-11 09:35,2024-04-11 10:15,$110.00,"$4,440.00",$1.24
74,MNQ JUN25,Backtest,ORB BOT V1.4,Short,1,18023,17978.0,2024-04-12 09:35,2024-04-12 10:15,($90.00),"$4,350.00",$1.24
75,MNQ JUN25,Backtest,ORB BOT V1.4,Long,1,18024,18114.0,2024-04-15 09:35,2024-04-15 10:15,$180.00,"$4,530.00",$1.24
76,MNQ JUN25,Backtest,ORB BOT V1.4,Long,1,18025,18050.0,2024-04-16 09:35,2024-04-16 10:15,$50.00,"$4,580.00",$1.24
77,MNQ JUN25,Backtest,ORB BOT V1.4,Long,1,18026,18076.0,2024-04-17 09:35,2024-04-17 10:15,$100.00,"$4,680.00",$1.24
78,MNQ JUN25,Backtest,ORB BOT V1.4,Short,1,18027,17992.0,2024-04-18 09:35,2024-04-18 10:15,($70.00),"$4,610.00",$1.24
79,MNQ JUN25,Backtest,ORB BOT V1.4,Long,1,18028,18108.0,2024-04-19 09:35,2024-04-19 10:15,$160.00,"$4,770.00",$1.24
80,MNQ JUN25,Backtest,ORB BOT V1.4,Long,1,18029,18071.5,2024-04-22 09:35,2024-04-22 10:15,$85.00,"$4,855.00",$1.24
81,MNQ JUN25,Backtest,ORB BOT V1.4,Short,1,18030,17965.0,2024-04-23 09:35,2024-04-23 10:15,($130.00),"$4,725.00",$1.24
82,MNQ JUN25,Backtest,ORB BOT V1.4,Long,1,18031,18101.0,2024-04-24 09:35,2024-04-24 10:15,$140.00,"$4,865.00",$1.24
83,MNQ JUN25,Backtest,ORB BOT V1.4,Long,1,18032,18069.5,2024-04-25 09:35,2024-04-25 10:15,$75.00,"$4,940.00",$1.24
84,MNQ JUN25,Backtest,ORB BOT V1.4,Long,1,18033,18080.5,2024-04-26 09:35,2024-04-26 10:15,$95.00,"$5,035.00",$1.24
85,MNQ JUN25,Backtest,ORB BOT V1.4,Long,1,18034,18139.0,2024-04-29 09:35,2024-04-29 10:15,$210.00,"$5,245.00",$1.24
86,MNQ JUN25,Backtest,ORB BOT V1.4,Short,1,18035,18007.5,2024-04-30 09:35,2024-04-30 10:15,($55.00),"$5,190.00",$1.24
87,MNQ JUN25,Backtest,ORB BOT V1.4,Long,1,18036,18096.0,2024-05-01 09:35,2024-05-01 10:15,$120.00,"$5,310.00",$1.24
88,MNQ JUN25,Backtest,ORB BOT V1.4,Long,1,18037,18069.5,2024-05-02 09:35,2024-05-02 10:15,$65.00,"$5,375.00",$1.24
89,MNQ JUN25,Backtest,ORB BOT V1.4,Long,1,18038,18090.5,2024-05-03 09:35,2024-05-03 10:15,$105.00,"$5,480.00",$1.24
90,MNQ JUN25,Backtest,ORB BOT V1.4,Short,1,18039,17999.0,2024-05-06 09:35,2024-05-06 10:15,($80.00),"$5,400.00",$1.24
91,MNQ JUN25,Backtest,ORB BOT V1.4,Long,1,18040,18100.0,2024-05-07 09:35,2024-05-07 10:15,$120.00,"$5,520.00",$1.24
92,MNQ JUN25,Backtest,ORB BOT V1.4,Long,1,18041,18081.0,2024-05-08 09:35,2024-05-08 10:15,$80.00,"$5,600.00",$1.24
93,MNQ JUN25,Backtest,ORB BOT V1.4,Short,1,18042,18012.0,2024-05-09 09:35,2024-05-09 10:15,($60.00),"$5,540.00",$1.24
94,MNQ JUN25,Backtest,ORB BOT V1.4,Long,1,18043,18118.0,2024-05-10 09:35,2024-05-10 10:15,$150.00,"$5,690.00",$1.24
95,MNQ JUN25,Backtest,ORB BOT V1.4,Long,1,18044,18064.0,2024-05-13 09:35,2024-05-13 10:15,$40.00,"$5,730.00",$1.24
96,MNQ JUN25,Backtest,ORB BOT V1.4,Short,1,18045,17990.0,2024-05-14 09:35,2024-05-14 10:15,($110.00),"$5,620.00",$1.24
97,MNQ JUN25,Backtest,ORB BOT V1.4,Long,1,18046,18146.0,2024-05-15 09:35,2024-05-15 10:15,$200.00,"$5,820.00",$1.24
98,MNQ JUN25,Backtest,ORB BOT V1.4,Long,1,18047,18077.0,2024-05-16 09:35,2024-05-16 10:15,$60.00,"$5,880.00",$1.24
99,MNQ JUN25,Backtest,ORB BOT V1.4,Long,1,18048,18093.0,2024-05-17 09:35,2024-05-17 10:15,$90.00,"$5,970.00",$1.24
100,MNQ JUN25,Backtest,ORB BOT V1.4,Short,1,18049,18029.0,2024-05-20 09:35,2024-05-20 10:15,($40.00),"$5,930.00",$1.24
101,MNQ JUN25,Backtest,ORB BOT V1.4,Long,1,18000,18065.0,2024-05-21 09:35,2024-05-21 10:15,$130.00,"$6,060.00",$1.24
102,MNQ JUN25,Backtest,ORB BOT V1.4,Long,1,18001,18036.0,2024-05-22 09:35,2024-05-22 10:15,$70.00,"$6,130.00",$1.24
103,MNQ JUN25,Backtest,ORB BOT V1.4,Long,1,18002,18057.0,2024-05-23 09:35,2024-05-23 10:15,$110.00,"$6,240.00",$1.24
104,MNQ JUN25,Backtest,ORB BOT V1.4,Short,1,18003,17958.0,2024-05-24 09:35,2024-05-24 10:15,($90.00),"$6,150.00",$1.24
105,MNQ JUN25,Backtest,ORB BOT V1.4,Long,1,18004,18094.0,2024-05-27 09:35,2024-05-27 10:15,$180.00,"$6,330.00",$1.24
106,MNQ JUN25,Backtest,ORB BOT V1.4,Long,1,18005,18030.0,2024-05-28 09:35,2024-05-28 10:15,$50.00,"$6,380.00",$1.24
107,MNQ JUN25,Backtest,ORB BOT V1.4,Long,1,18006,18056.0,2024-05-29 09:35,2024-05-29 10:15,$100.00,"$6,480.00",$1.24
108,MNQ JUN25,Backtest,ORB BOT V1.4,Short,1,18007,17972.0,2024-05-30 09:35,2024-05-30 10:15,($70.00),"$6,410.00",$1.24
109,MNQ JUN25,Backtest,ORB BOT V1.4,Long,1,18008,18088.0,2024-05-31 09:35,2024-05-31 10:15,$160.00,"$6,570.00",$1.24
110,MNQ JUN25,Backtest,ORB BOT V1.4,Long,1,18009,18051.5,2024-06-03 09:35,2024-06-03 10:15,$85.00,"$6,655.00",$1.24
111,MNQ JUN25,Backtest,ORB BOT V1.4,Short,1,18010,17945.0,2024-06-04 09:35,2024-06-04 10:15,($130.00),"$6,525.00",$1.24
112,MNQ JUN25,Backtest,ORB BOT V1.4,Long,1,18011,18081.0,2024-06-05 09:35,2024-06-05 10:15,$140.00,"$6,665.00",$1.24
113,MNQ JUN25,Backtest,ORB BOT V1.4,Long,1,18012,18049.5,2024-06-06 09:35,2024-06-06 10:15,$75.00,"$6,740.00",$1.24
114,MNQ JUN25,Backtest,ORB BOT V1.4,Long,1,18013,18060.5,2024-06-07 09:35,2024-06-07 10:15,$95.00,"$6,835.00",$1.24
115,MNQ JUN25,Backtest,ORB BOT V1.4,Long,1,18014,18119.0,2024-06-10 09:35,2024-06-10 10:15,$210.00,"$7,045.00",$1.24
116,MNQ JUN25,Backtest,ORB BOT V1.4,Short,1,18015,17987.5,2024-06-11 09:35,2024-06-11 10:15,($55.00),"$6,990.00",$1.24
117,MNQ JUN25,Backtest,ORB BOT V1.4,Long,1,18016,18076.0,2024-06-12 09:35,2024-06-12 10:15,$120.00,"$7,110.00",$1.24
118,MNQ JUN25,Backtest,ORB BOT V1.4,Long,1,18017,18049.5,2024-06-13 09:35,2024-06-13 10:15,$65.00,"$7,175.00",$1.24
119,MNQ JUN25,Backtest,ORB BOT V1.4,Long,1,18018,18070.5,2024-06-14 09:35,2024-06-14 10:15,$105.00,"$7,280.00",$1.24
120,MNQ JUN25,Backtest,ORB BOT V1.4,Short,1,18019,17979.0,2024-06-17 09:35,2024-06-17 10:15,($80.00),"$7,200.00",$1.24
121,MNQ JUN25,Backtest,ORB BOT V1.4,Long,1,18020,18080.0,2024-06-18 09:35,2024-06-18 10:15,$120.00,"$7,320.00",$1.24
122,MNQ JUN25,Backtest,ORB BOT V1.4,Long,1,18021,18061.0,2024-06-19 09:35,2024-06-19 10:15,$80.00,"$7,400.00",$1.24
123,MNQ JUN25,Backtest,ORB BOT V1.4,Short,1,18022,17992.0,2024-06-20 09:35,2024-06-20 10:15,($60.00),"$7,340.00",$1.24
124,MNQ JUN25,Backtest,ORB BOT V1.4,Long,1,18023,18098.0,2024-06-21 09:35,2024-06-21 10:15,$150.00,"$7,490.00",$1.24
125,MNQ JUN25,Backtest,ORB BOT V1.4,Long,1,18024,18044.0,2024-06-24 09:35,2024-06-24 10:15,$40.00,"$7,530.00",$1.24
126,MNQ JUN25,Backtest,ORB BOT V1.4,Short,1,18025,17970.0,2024-06-25 09:35,2024-06-25 10:15,($110.00),"$7,420.00",$1.24
127,MNQ JUN25,Backtest,ORB BOT V1.4,Long,1,18026,18126.0,2024-06-26 09:35,2024-06-26 10:15,$200.00,"$7,620.00",$1.24
128,MNQ JUN25,Backtest,ORB BOT V1.4,Long,1,18027,18057.0,2024-06-27 09:35,2024-06-27 10:15,$60.00,"$7,680.00",$1.24
129,MNQ JUN25,Backtest,ORB BOT V1.4,Long,1,18028,18073.0,2024-06-28 09:35,2024-06-28 10:15,$90.00,"$7,770.00",$1.24
130,MNQ JUN25,Backtest,ORB BOT V1.4,Short,1,18029,18009.0,2024-07-01 09:35,2024-07-01 10:15,($40.00),"$7,730.00",$1.24
131,MNQ JUN25,Backtest,ORB BOT V1.4,Long,1,18030,18095.0,2024-07-02 09:35,2024-07-02 10:15,$130.00,"$7,860.00",$1.24
132,MNQ JUN25,Backtest,ORB BOT V1.4,Long,1,18031,18066.0,2024-07-03 09:35,2024-07-03 10:15,$70.00,"$7,930.00",$1.24
133,MNQ JUN25,Backtest,ORB BOT V1.4,Long,1,18032,18087.0,2024-07-04 09:35,2024-07-04 10:15,$110.00,"$8,040.00",$1.24
134,MNQ JUN25,Backtest,ORB BOT V1.4,Short,1,18033,17988.0,2024-07-05 09:35,2024-07-05 10:15,($90.00),"$7,950.00",$1.24
135,MNQ JUN25,Backtest,ORB BOT V1.4,Long,1,18034,18124.0,2024-07-08 09:35,2024-07-08 10:15,$180.00,"$8,130.00",$1.24
136,MNQ JUN25,Backtest,ORB BOT V1.4,Long,1,18035,18060.0,2024-07-09 09:35,2024-07-09 10:15,$50.00,"$8,180.00",$1.24
137,MNQ JUN25,Backtest,ORB BOT V1.4,Long,1,18036,18086.0,2024-07-10 09:35,2024-07-10 10:15,$100.00,"$8,280.00",$1.24
138,MNQ JUN25,Backtest,ORB BOT V1.4,Short,1,18037,18002.0,2024-07-11 09:35,2024-07-11 10:15,($70.00),"$8,210.00",$1.24
139,MNQ JUN25,Backtest,ORB BOT V1.4,Long,1,18038,18118.0,2024-07-12 09:35,2024-07-12 10:15,$160.00,"$8,370.00",$1.24
140,MNQ JUN25,Backtest,ORB BOT V1.4,Long,1,18039,18081.5,2024-07-15 09:35,2024-07-15 10:15,$85.00,"$8,455.00",$1.24
141,MNQ JUN25,Backtest,ORB BOT V1.4,Short,1,18040,17975.0,2024-07-16 09:35,2024-07-16 10:15,($130.00),"$8,325.00",$1.24
142,MNQ JUN25,Backtest,ORB BOT V1.4,Long,1,18041,18111.0,2024-07-17 09:35,2024-07-17 10:15,$140.00,"$8,465.00",$1.24
143,MNQ JUN25,Backtest,ORB BOT V1.4,Long,1,18042,18079.5,2024-07-18 09:35,2024-07-18 10:15,$75.00,"$8,540.00",$1.24
144,MNQ JUN25,Backtest,ORB BOT V1.4,Long,1,18043,18090.5,2024-07-19 09:35,2024-07-19 10:15,$95.00,"$8,635.00",$1.24
145,MNQ JUN25,Backtest,ORB BOT V1.4,Long,1,18044,18149.0,2024-07-22 09:35,2024-07-22 10:15,$210.00,"$8,845.00",$1.24
146,MNQ JUN25,Backtest,ORB BOT V1.4,Short,1,18045,18017.5,2024-07-23 09:35,2024-07-23 10:15,($55.00),"$8,790.00",$1.24
147,MNQ JUN25,Backtest,ORB BOT V1.4,Long,1,18046,18106.0,2024-07-24 09:35,2024-07-24 10:15,$120.00,"$8,910.00",$1.24
148,MNQ JUN25,Backtest,ORB BOT V1.4,Long,1,18047,18079.5,2024-07-25 09:35,2024-07-25 10:15,$65.00,"$8,975.00",$1.24
149,MNQ JUN25,Backtest,ORB BOT V1.4,Long,1,18048,18100.5,2024-07-26 09:35,2024-07-26 10:15,$105.00,"$9,080.00",$1.24
150,MNQ JUN25,Backtest,ORB BOT V1.4,Short,1,18049,18009.0,2024-07-29 09:35,2024-07-29 10:15,($80.00),"$9,000.00",$1.24
151,MNQ JUN25,Backtest,ORB BOT V1.4,Long,1,18000,18060.0,2024-07-30 09:35,2024-07-30 10:15,$120.00,"$9,120.00",$1.24
152,MNQ JUN25,Backtest,ORB BOT V1.4,Long,1,18001,18041.0,2024-07-31 09:35,2024-07-31 10:15,$80.00,"$9,200.00",$1.24
153,MNQ JUN25,Backtest,ORB BOT V1.4,Short,1,18002,17972.0,2024-08-01 09:35,2024-08-01 10:15,($60.00),"$9,140.00",$1.24
154,MNQ JUN25,Backtest,ORB BOT V1.4,Long,1,18003,18078.0,2024-08-02 09:35,2024-08-02 10:15,$150.00,"$9,290.00",$1.24
155,MNQ JUN25,Backtest,ORB BOT V1.4,Long,1,18004,18024.0,2024-08-05 09:35,2024-08-05 10:15,$40.00,"$9,330.00",$1.24
156,MNQ JUN25,Backtest,ORB BOT V1.4,Short,1,18005,17950.0,2024-08-06 09:35,2024-08-06 10:15,($110.00),"$9,220.00",$1.24
157,MNQ JUN25,Backtest,ORB BOT V1.4,Long,1,18006,18106.0,2024-08-07 09:35,2024-08-07 10:15,$200.00,"$9,420.00",$1.24
158,MNQ JUN25,Backtest,ORB BOT V1.4,Long,1,18007,18037.0,2024-08-08 09:35,2024-08-08 10:15,$60.00,"$9,480.00",$1.24
159,MNQ JUN25,Backtest,ORB BOT V1.4,Long,1,18008,18053.0,2024-08-09 09:35,2024-08-09 10:15,$90.00,"$9,570.00",$1.24
160,MNQ JUN25,Backtest,ORB BOT V1.4,Short,1,18009,17989.0,2024-08-12 09:35,2024-08-12 10:15,($40.00),"$9,530.00",$1.24
161,MNQ JUN25,Backtest,ORB BOT V1.4,Long,1,18010,18075.0,2024-08-13 09:35,2024-08-13 10:15,$130.00,"$9,660.00",$1.24
162,MNQ JUN25,Backtest,ORB BOT V1.4,Long,1,18011,18046.0,2024-08-14 09:35,2024-08-14 10:15,$70.00,"$9,730.00",$1.24
163,MNQ JUN25,Backtest,ORB BOT V1.4,Long,1,18012,18067.0,2024-08-15 09:35,2024-08-15 10:15,$110.00,"$9,840.00",$1.24
164,MNQ JUN25,Backtest,ORB BOT V1.4,Short,1,18013,17968.0,2024-08-16 09:35,2024-08-16 10:15,($90.00),"$9,750.00",$1.24
165,MNQ JUN25,Backtest,ORB BOT V1.4,Long,1,18014,18104.0,2024-08-19 09:35,2024-08-19 10:15,$180.00,"$9,930.00",$1.24
166,MNQ JUN25,Backtest,ORB BOT V1.4,Long,1,18015,18040.0,2024-08-20 09:35,2024-08-20 10:15,$50.00,"$9,980.00",$1.24
167,MNQ JUN25,Backtest,ORB BOT V1.4,Long,1,18016,18066.0,2024-08-21 09:35,2024-08-21 10:15,$100.00,"$10,080.00",$1.24
168,MNQ JUN25,Backtest,ORB BOT V1.4,Short,1,18017,17982.0,2024-08-22 09:35,2024-08-22 10:15,($70.00),"$10,010.00",$1.24
169,MNQ JUN25,Backtest,ORB BOT V1.4,Long,1,18018,18098.0,2024-08-23 09:35,2024-08-23 10:15,$160.00,"$10,170.00",$1.24
170,MNQ JUN25,Backtest,ORB BOT V1.4,Long,1,18019,18061.5,2024-08-26 09:35,2024-08-26 10:15,$85.00,"$10,255.00",$1.24
171,MNQ JUN25,Backtest,ORB BOT V1.4,Short,1,18020,17955.0,2024-08-27 09:35,2024-08-27 10:15,($130.00),"$10,125.00",$1.24
172,MNQ JUN25,Backtest,ORB BOT V1.4,Long,1,18021,18091.0,2024-08-28 09:35,2024-08-28 10:15,$140.00,"$10,265.00",$1.24
173,MNQ JUN25,Backtest,ORB BOT V1.4,Long,1,18022,18059.5,2024-08-29 09:35,2024-08-29 10:15,$75.00,"$10,340.00",$1.24
174,MNQ JUN25,Backtest,ORB BOT V1.4,Long,1,18023,18070.5,2024-08-30 09:35,2024-08-30 10:15,$95.00,"$10,435.00",$1.24
175,MNQ JUN25,Backtest,ORB BOT V1.4,Long,1,18024,18129.0,2024-09-02 09:35,2024-09-02 10:15,$210.00,"$10,645.00",$1.24
176,MNQ JUN25,Backtest,ORB BOT V1.4,Short,1,18025,17997.5,2024-09-03 09:35,2024-09-03 10:15,($55.00),"$10,590.00",$1.24
177,MNQ JUN25,Backtest,ORB BOT V1.4,Long,1,18026,18086.0,2024-09-04 09:35,2024-09-04 10:15,$120.00,"$10,710.00",$1.24
178,MNQ JUN25,Backtest,ORB BOT V1.4,Long,1,18027,18059.5,2024-09-05 09:35,2024-09-05 10:15,$65.00,"$10,775.00",$1.24
179,MNQ JUN25,Backtest,ORB BOT V1.4,Long,1,18028,18080.5,2024-09-06 09:35,2024-09-06 10:15,$105.00,"$10,880.00",$1.24
180,MNQ JUN25,Backtest,ORB BOT V1.4,Short,1,18029,17989.0,2024-09-09 09:35,2024-09-09 10:15,($80.00),"$10,800.00",$1.24
